List,Tier,Order,Name,Pos,Team
F,1,1,Connor McDavid,C,EDM
D,1,1,Evan Bouchard,D,EDM
Flag,,1,Macklin Celebrini,C,SJ
Sleeper,,1,Patrick Kane,F,CHI
F,1,2,Nathan MacKinnon,C,COL
D,1,2,Cale Makar,D,COL
Flag,,2,Matthew Schaefer,D,NYI
Sleeper,,2,Mats Zuccarello,F,LA
F,1,3,Macklin Celebrini,C,SJ
D,2,3,Jake Sanderson,D,OTT
Flag,,3,Filip Forsberg,LW,NSH
Sleeper,,3,Valeri Nichushkin,F,CBJ
F,1,4,Nikita Kucherov,RW,TB
D,2,4,Matthew Schaefer,D,NYI
Flag,,4,Brady Tkachuk,LW,FLA
Sleeper,,4,Gabriel Landeskog,F,COL
F,2,5,Nick Suzuki,C,MON
D,2,5,Zach Werenski,D,CBJ
Flag,,5,John Carlson,D,TB
Sleeper,,5,Mason Marchment,F,SJ
F,2,6,Matt Boldy,LW/RW,MIN
D,2,6,Rasmus Dahlin,D,BUF
Flag,,6,Wyatt Johnston,C,DAL
Sleeper,,6,Jiri Kulich,F,BUF
F,2,7,Wyatt Johnston,C/RW,DAL
D,2,7,Moritz Seider,D,DET
Sleeper,,7,Adam Fox,D,NYR
F,2,8,Martin Necas,RW,COL
D,2,8,Brandt Clarke,D,LA
Flag,,7,Brandt Clarke,D,LA
F,2,9,Kirill Kaprizov,LW,MIN
D,2,9,Jackson LaCombe,D,ANA
Flag,,8,Dylan Holloway,F,STL
F,2,10,Auston Matthews,C,TOR
D,3,10,Quinn Hughes,D,MIN
F,2,11,Leon Draisaitl,C,EDM
D,3,11,MacKenzie Weegar,D,UTAH
F,2,12,Jason Robertson,LW,DAL
D,3,12,Lane Hutson,D,MON
Bounceback,,1,Auston Matthews,C,TOR
F,3,13,Juraj Slafkovsky,LW/RW,MON
D,3,13,Darren Raddysh,D,TOR
Bounceback,,2,Mitch Marner,RW,VGK
F,3,14,Mark Scheifele,C,WPG
D,3,14,Rasmus Andersson,D,VGK
Bounceback,,3,J.T. Miller,C/LW,NYR
F,3,15,Tage Thompson,C/RW,BUF
D,4,15,Miro Heiskanen,D,DAL
Rookie,,1,Gavin McKenna,F,TOR
Bounceback,,4,Brayden Point,C/RW,TB
F,3,16,Dylan Guenther,RW,UTAH
D,4,16,Noah Dobson,D,MON
Rookie,,2,Porter Martone,F,PHI
Bounceback,,5,Jesper Bratt,RW,NJ
F,3,17,Sam Reinhart,RW,FLA
D,4,17,Simon Edvinsson,D,DET
Rookie,,3,Roman Kantserov,F,CHI
Bounceback,,6,Nazem Kadri,C/LW,COL
F,3,18,Leo Carlsson,C,ANA
D,4,18,Mattias Samuelsson,D,BUF
Rookie,,4,James Hagens,F,BOS
Bounceback,,7,Tomas Hertl,C,VGK
F,3,19,Jack Hughes,C/LW,NJ
D,4,19,Charlie McAvoy,D,BOS
Rookie,,5,Anton Frondell,F,CHI
Bounceback,,8,Dylan Strome,C,WAS
F,3,20,Dylan Holloway,LW/RW,STL
D,4,20,Mikhail Sergachev,D,UTAH
Rookie,,6,Ivar Stenberg,F,SJ
Bounceback,,9,Jordan Kyrou,RW,WAS
F,3,21,David Pastrnak,RW,BOS
D,4,21,Adam Fox,D,NYR
Rookie,,7,Viggo Bjorck,F,WPG
Bounceback,,10,Valeri Nichushkin,RW,CBJ
F,3,22,Aleksander Barkov,C,FLA
D,4,22,Colton Parayko,D,STL
Rookie,,8,Cole Hutson,D,WAS
Bounceback,,11,John Tavares,C,TOR
F,4,23,Kyle Connor,LW,WPG
D,4,23,Brock Faber,D,MIN
Bounceback,,12,Alex Ovechkin,LW/RW,WAS
F,4,24,Brandon Hagel,LW,TB
D,5,24,Josh Morrissey,D,WPG
Bounceback,,13,MacKenzie Weegar,D,UTAH
F,4,25,Mikko Rantanen,LW/RW,DAL
D,5,25,Jakob Chychrun,D,WAS
Bounceback,,14,Shea Theodore,D,VGK
F,4,26,Jake Guentzel,LW,TB
D,5,26,Travis Sanheim,D,PHI
Bounceback,,15,Colton Parayko,D,STL
F,4,27,Adam Fantilli,C,CBJ
D,5,27,Thomas Chabot,D,OTT
Bounceback,,16,Victor Hedman,D,TB
F,4,28,Cutter Gauthier,LW,ANA
D,5,28,Jake Walman,D,EDM
F,4,29,Logan Cooley,C,UTAH
D,5,29,Roman Josi,D,NSH
F,4,30,Alex DeBrincat,LW,DET
D,5,30,Alexander Romanov,D,NYI
Breakout,,1,Ridly Greig,C,OTT
F,4,31,Lucas Raymond,LW/RW,DET
D,5,31,Cole Hutson,D,WAS
Breakout,,2,Jack Quinn,RW,BUF
F,4,32,Jack Eichel,C,VGK
D,6,32,Martin Fehervary,D,WAS
Breakout,,3,Matt Coronato,RW,CGY
F,4,33,William Nylander,RW,TOR
D,6,33,Zayne Parekh,D,CGY
Breakout,,4,Bobby Brink,RW,MIN
F,4,34,Robert Thomas,C,STL
D,6,34,Simon Nemec,D,CGY
Breakout,,5,Logan Stankoven,C,CAR
F,4,35,Dylan Larkin,C,DET
D,6,35,John Carlson,D,TB
Breakout,,6,Egor Chinakhov,RW,PIT
F,4,36,Cole Caufield,LW,MON
D,6,36,Jamie Drysdale,D,PHI
Breakout,,7,Mackie Samoskevich,LW,SEA
F,4,37,Tim Stutzle,C/LW,OTT
D,6,37,Dougie Hamilton,D,NJ
Breakout,,8,Mavrik Bourque,C,NSH
F,4,38,Jimmy Snuggerud,RW,STL
D,6,38,Thomas Harley,D,DAL
Breakout,,9,Connor McMichael,C,STL
F,4,39,Filip Forsberg,LW,NSH
D,6,39,Philip Broberg,D,STL
Breakout,,10,Emil Heineman,LW,NYI
F,4,40,Kirill Marchenko,LW/RW,CBJ
D,6,40,Pavel Mintyukov,D,ANA
Breakout,,11,Jackson Blake,RW,CAR
F,4,41,Brady Tkachuk,LW,FLA
D,6,41,Jonas Brodin,D,MIN
Breakout,,12,Shane Wright,C,SEA
F,4,42,Connor Bedard,C/RW,CHI
D,6,42,Justin Faulk,D,DET
Breakout,,13,Marco Kasper,C,DET
F,5,43,Artemi Panarin,LW,LA
D,6,43,Bowen Byram,D,CHI
Breakout,,14,Frank Nazar,C,CHI
F,5,44,Matthew Tkachuk,RW,FLA
D,6,44,Cam York,D,PHI
Breakout,,15,Philip Broberg,D,STL
F,5,45,Adrian Kempe,RW,LA
D,6,45,Seth Jones,D,FLA
Breakout,,16,Jamie Drysdale,D,PHI
F,5,46,Aliaksei Protas,LW,WAS
D,6,46,Filip Hronek,D,VAN
Breakout,,17,Owen Power,D,BUF
LateRound,,1,Anton Frondell,C,CHI
F,5,47,Clayton Keller,LW,UTAH
D,6,47,Shayne Gostisbehere,D,CAR
Breakout,,18,Luke Hughes,D,NJ
LateRound,,2,Josh Doan,LW/RW,BUF
F,5,48,Tom Wilson,RW,WAS
D,6,48,Darnell Nurse,D,SJ
Breakout,,19,Pavel Mintyukov,D,ANA
LateRound,,3,Danila Yurov,C,MIN
F,5,49,Alex Laferriere,C/RW,LA
D,6,49,Erik Karlsson,D,PIT
Breakout,,20,J.J. Moser,D,TB
LateRound,,4,Gabe Perreault,RW,NYR
F,5,50,Alex Tuch,RW,WAS
D,6,50,Braden Schneider,D,NYR
Breakout,,21,Luke Evangelista,RW,NJ
LateRound,,5,Anthony Cirelli,C,TB
F,5,51,Mitch Marner,RW,VGK
D,6,51,Alexander Nikishin,D,CAR
Breakout,,22,Kent Johnson,LW,CBJ
LateRound,,6,Anthony Mantha,RW,NJ
F,5,52,Quinton Byfield,C,LA
D,7,52,Denton Mateychuk,D,CBJ
Breakout,,23,Cole Perfetti,LW,WPG
LateRound,,7,Simon Nemec,D,CGY
F,5,53,Matty Beniers,C,SEA
D,7,53,Jake McCabe,D,TOR
Breakout,,24,Tyson Foerster,RW,PHI
LateRound,,8,Martin Fehervary,D,WAS
F,5,54,Bryan Rust,RW,PIT
D,7,54,Jacob Trouba,D,SJ
Breakout,,25,Mason McTavish,C,STL
LateRound,,9,Cole Hutson,D,WAS
F,5,55,Anton Frondell,C,CHI
D,7,55,Vince Dunn,D,SEA
Breakout,,26,Bowen Byram,D,CHI
LateRound,,10,Seth Jones,D,FLA
F,5,56,Elias Pettersson,C,VAN
D,7,56,Artyom Levshunov,D,CHI
Breakout,,27,Mattias Samuelsson,D,BUF
F,5,57,Sebastian Aho,C,CAR
D,7,57,Adam Larsson,D,SEA
Breakout,,28,Brandt Clarke,D,LA
F,5,58,Mark Stone,RW,VGK
D,7,58,Dylan Samberg,D,WPG
Breakout,,29,Simon Edvinsson,D,DET
F,5,59,Nico Hischier,C,NJ
D,7,59,Mattias Ekholm,D,EDM
Breakout,,30,Braden Schneider,D,NYR
F,5,60,William Eklund,LW,OTT
D,7,60,Erik Gudbranson,D,CBJ
F,5,61,Ivan Demidov,RW,MON
F,5,62,Gavin McKenna,W,TOR
F,5,63,Andrei Svechnikov,LW,CAR
Roto,,1,Kiefer Sherwood,LW/RW,SJ
PointsLeague,,1,Brock Faber,D,MIN
F,5,64,Ryan O'Reilly,C,NSH
H2H,,1,Roman Josi,D,NSH
Roto,,2,Brady Tkachuk,LW,FLA
PointsLeague,,2,Brandt Clarke,D,LA
F,5,65,Brad Marchand,LW/RW,FLA
H2H,,2,John Carlson,D,TB
Roto,,3,Will Cuylle,LW,NYR
PointsLeague,,3,Mattias Samuelsson,D,BUF
F,5,66,Egor Chinakhov,RW,PIT
H2H,,3,William Nylander,RW,TOR
Roto,,4,Alex Laferriere,C/RW,LA
PointsLeague,,4,Rasmus Andersson,D,VGK
H2H,,4,Bo Horvat,C,NYI
Roto,,5,Dylan Cozens,C/RW,OTT
PointsLeague,,5,Noah Dobson,D,MON
